mean_fit_time,std_fit_time,mean_score_time,std_score_time,param_learning_rate,param_max_depth,param_min_data_in_leaf,param_n_estimators,param_num_leaves,params,split0_test_accuracy,split1_test_accuracy,split2_test_accuracy,split3_test_accuracy,split4_test_accuracy,mean_test_accuracy,std_test_accuracy,rank_test_accuracy,split0_test_roc_auc,split1_test_roc_auc,split2_test_roc_auc,split3_test_roc_auc,split4_test_roc_auc,mean_test_roc_auc,std_test_roc_auc,rank_test_roc_auc,split0_test_precision,split1_test_precision,split2_test_precision,split3_test_precision,split4_test_precision,mean_test_precision,std_test_precision,rank_test_precision,split0_test_recall,split1_test_recall,split2_test_recall,split3_test_recall,split4_test_recall,mean_test_recall,std_test_recall,rank_test_recall,split0_test_f1,split1_test_f1,split2_test_f1,split3_test_f1,split4_test_f1,mean_test_f1,std_test_f1,rank_test_f1
31.84829626083374,0.025397917875202354,3.9735179424285887,0.043881560469526106,0.06643907805165022,4,113064,311,368,"OrderedDict([('learning_rate', 0.06643907805165022), ('max_depth', 4), ('min_data_in_leaf', 113064), ('n_estimators', 311), ('num_leaves', 368)])",0.8070985587787282,0.8076844210843475,0.8073747510085201,0.8073098876818265,0.8076254323359007,0.8074186101778646,0.00021429323322469515,43,0.8933746193257138,0.8940170699081478,0.8934928065507931,0.8935266246027063,0.8936558528948233,0.8936133946564369,0.00022083505286063875,43,0.7458505561000554,0.7470252387812817,0.7454985818541062,0.7454397688278851,0.7458512175428159,0.7459330726212288,0.0005724451083790074,44,0.7589199091613686,0.7587952499417354,0.7607355977951578,0.7606068161123878,0.7609903362004954,0.760009581842229,0.0009494899224939057,16,0.7523284771343143,0.7528642451325982,0.7530400212459459,0.7529469205552068,0.7533447261040211,0.7529048780344173,0.00033087357581428495,43
60.41156263351441,4.238976086446076,6.6042626857757565,2.018839996586458,0.0893406313849554,5,52897,533,452,"OrderedDict([('learning_rate', 0.0893406313849554), ('max_depth', 5), ('min_data_in_leaf', 52897), ('n_estimators', 533), ('num_leaves', 452)])",0.8119779548383858,0.8124822148942937,0.8121034967610185,0.8117603488391557,0.8120821799145058,0.812081239049472,0.00023448499927173982,7,0.897819790492927,0.8985290560915373,0.8979980405194863,0.8980368033287139,0.8979402177643361,0.8980647816394001,0.00024344393633223755,9,0.756822030218826,0.7575948439222244,0.7568844668200165,0.7561990861937204,0.7567570498915401,0.7568514954092654,0.0004447651208085718,6,0.7558088486366076,0.7562316059901465,0.7561665663972944,0.7561949876425443,0.7563345853454957,0.7561473188024177,0.00017853735157814926,47,0.7563151001060313,0.7569126111415505,0.7565253462968135,0.7561970369125789,0.7565457586411604,0.7564991706196269,0.0002445221486511831,9
42.5010003566742,0.26193787361229537,5.5035014152526855,0.184700014015372,0.06805780428903004,5,33919,352,156,"OrderedDict([('learning_rate', 0.06805780428903004), ('max_depth', 5), ('min_data_in_leaf', 33919), ('n_estimators', 352), ('num_leaves', 156)])",0.8113439681290906,0.8123043638372307,0.811714316800857,0.811496710801627,0.8118457421321666,0.8117410203401944,0.00033056716030408927,9,0.8971297385239585,0.8978803168061001,0.8974222161756761,0.8974823923973753,0.8974956299210927,0.8974820587648406,0.0002393760400013794,13,0.7560178677073213,0.7575332790002717,0.7561770222361959,0.7565975072158112,0.756984409049164,0.7566620170417527,0.0005508799961722258,7,0.7549524939973876,0.7556733494848322,0.7560581670758741,0.7544118284698434,0.7549904337598846,0.7552172545575644,0.0005805882288500466,49,0.7554848052589045,0.756602171193831,0.7561175899852837,0.755503087047968,0.7559861065885163,0.7559387520149007,0.0004171863140031157,14
39.22591915130615,2.567770157293578,3.603965950012207,0.9768212032214404,0.08780627736380686,3,81060,481,303,"OrderedDict([('learning_rate', 0.08780627736380686), ('max_depth', 3), ('min_data_in_leaf', 81060), ('n_estimators', 481), ('num_leaves', 303)])",0.8084732428315562,0.8096889071157162,0.8086427244271104,0.8091888317905626,0.8095504125106973,0.8091088237351285,0.0004814790367186167,28,0.8946588703994315,0.8954426998801855,0.8948637129951775,0.8950511342422457,0.8950773884309582,0.8950187611895999,0.000259911717621213,29,0.7481965987665857,0.7500908954808906,0.7480962436808088,0.7490152542191953,0.7495435277033303,0.7489885039701621,0.0007677598893583393,28,0.7594781656666829,0.7603562001701869,0.7603453602380449,0.7606013961756927,0.7609307165737142,0.7603423677648643,0.00048172514888165837,11,0.7537951735935533,0.7551886652796133,0.7541710682289189,0.7547638640140697,0.7551941991721556,0.7546225940576622,0.0005577860583177119,25
44.59516115188599,0.24635824896225247,6.019902276992798,0.1494416932825787,0.08702811428778609,4,74233,450,470,"OrderedDict([('learning_rate', 0.08702811428778609), ('max_depth', 4), ('min_data_in_leaf', 74233), ('n_estimators', 450), ('num_leaves', 470)])",0.8101492274987028,0.810952695803552,0.8102224602869051,0.8102873236135987,0.8108686054564819,0.8104960625318481,0.0003423526953795986,16,0.8959937862926662,0.8967286009565247,0.8961703928462385,0.8964102434281387,0.8963552299021298,0.8963316506851395,0.00024676253969644013,17,0.7517234714258102,0.7531131040712304,0.7513976511955747,0.7523409473508705,0.7526035515664254,0.7522357451219823,0.0006133406206397809,18,0.7588494496024455,0.7591746475667063,0.7597871037327306,0.7581515847894896,0.7598684032237958,0.7591662377830335,0.0006337912916447209,27,0.7552696524659142,0.7561317278962242,0.7555690901349086,0.7552350897463239,0.7562185297758551,0.7556848180038453,0.00041775293574922666,15
32.74217576980591,0.1189026514419838,4.354865646362304,0.10417316815208547,0.08316382491216304,5,39534,266,425,"OrderedDict([('learning_rate', 0.08316382491216304), ('max_depth', 5), ('min_data_in_leaf', 39534), ('n_estimators', 266), ('num_leaves', 425)])",0.811002912572605,0.8116013290704877,0.8112874742639059,0.8108962019383673,0.8115130553410876,0.8112601946372907,0.0002755867053193987,13,0.8967197122029325,0.8973938779775086,0.8969701868677634,0.8969557237030452,0.8970650552476996,0.8970209111997898,0.00021844730144683297,15,0.7554853831629663,0.7563252325493048,0.755209066210614,0.7553192643628276,0.7559001767071756,0.7556478245985777,0.0004121677061464868,10,0.754686915659908,0.7553373115884294,0.7563183254472827,0.7546069461908685,0.7558305285008916,0.7553560054774761,0.0006573206651785829,48,0.7550859383261346,0.7558309492495221,0.7557632888048809,0.7549629372563267,0.7558653509996233,0.7555016929272975,0.0003929882654361392,18
57.54371418952942,0.2359502801885532,8.4087655544281,0.1490975525744928,0.07668835127314028,5,58213,506,334,"OrderedDict([('learning_rate', 0.07668835127314028), ('max_depth', 5), ('min_data_in_leaf', 58213), ('n_estimators', 506), ('num_leaves', 334)])",0.8115490199360573,0.8120365410689476,0.8117791801275506,0.8110677758992987,0.8116260433078691,0.8116117120679446,0.00031891298953820135,10,0.8974206953896264,0.8979753694899321,0.8975919636575911,0.8976494286550932,0.8976002086175057,0.8976475331619497,0.00018125297686564823,10,0.7553856055730133,0.7562166433914672,0.7555752585568393,0.7546767879928199,0.7550979629749638,0.7553904516978207,0.0005121787405877743,11,0.7569741413418752,0.7572126198489998,0.7574836181525504,0.7565256037809478,0.7578359159471661,0.7572063798143078,0.0004451081874047932,45,0.7561790391830945,0.7567143038979117,0.7565282348865408,0.7556000649596709,0.7564644620274565,0.7562972209909349,0.00038866144835428225,11
57.75665330886841,0.464823919062956,8.169627618789672,0.4392592593569242,0.07287031174021161,5,71351,493,216,"OrderedDict([('learning_rate', 0.07287031174021161), ('max_depth', 5), ('min_data_in_leaf', 71351), ('n_estimators', 493), ('num_leaves', 216)])",0.811032205687886,0.8116787465894444,0.8109589728996837,0.810942233976666,0.8111427058944148,0.8111509730096189,0.0002731867491517369,14,0.8968499668760277,0.897517163960514,0.8968671816986539,0.8971218802166558,0.8970043538682909,0.8970721093240284,0.00024350941330380003,14,0.7529568477478542,0.7550897007455717,0.7536844941398356,0.7536259994396672,0.7539434896717486,0.7538601063489355,0.0006957552661880301,13,0.7597925236988017,0.7580527145900067,0.7580635545221487,0.7581190651693188,0.7582586733007052,0.7584573062561962,0.0006716252745858296,35,0.7563592415041505,0.756568306602115,0.7558676819481298,0.7558658553719455,0.7560949246342504,0.7561512020121183,0.0002764887499494244,13
35.11250085830689,2.3583575174592326,3.486653518676758,1.0012161085577744,0.09696110102631643,4,107213,346,241,"OrderedDict([('learning_rate', 0.09696110102631643), ('max_depth', 4), ('min_data_in_leaf', 107213), ('n_estimators', 346), ('num_leaves', 241)])",0.8084899817545739,0.8088854388108669,0.8081342796404479,0.80859041529268,0.8090942759040607,0.8086388782805258,0.0003308527511879741,33,0.8945653047821361,0.895207837128155,0.894596566030762,0.8947070189474822,0.8948793854282,0.894791222463347,0.00023552521937965078,32,0.747842127430439,0.7484823914736539,0.7470991378621751,0.7483076725960409,0.7486403480708939,0.7480743354866405,0.0005561037904603583,36,0.7602694807130508,0.7605025392541043,0.760404979864826,0.7597125265576898,0.7609957561665665,0.7603770565112475,0.0004129134309888036,10,0.7540046012599712,0.7544445908126752,0.7536933374877784,0.7539669732666344,0.7547674915535774,0.7541753988761274,0.0003815846642375277,29
35.60871329307556,0.09075999496630563,4.299147891998291,0.04760556243344199,0.0501259752935983,5,94752,289,327,"OrderedDict([('learning_rate', 0.0501259752935983), ('max_depth', 5), ('min_data_in_leaf', 94752), ('n_estimators', 289), ('num_leaves', 327)])",0.8077848546224536,0.808362347466564,0.807789039353208,0.8077806698916992,0.8083933320360641,0.8080220486739979,0.0002906794390307305,40,0.89385947413147,0.894491218570002,0.894009957168964,0.8941245699327962,0.8942218262260805,0.8941414092058626,0.00021254838210406303,39,0.7478515854924498,0.7488056983718937,0.7476555064854519,0.7480732461049846,0.7481773072752813,0.7481126687460122,0.0003906876358966289,35,0.7574944580846924,0.7578033961507401,0.7579117954721604,0.7570296578935958,0.7592071673631323,0.7578892949928642,0.0007265734090174539,39,0.7526421368660554,0.7532776794541286,0.7527487168168985,0.7525248035515615,0.7536518833764655,0.7529690440130218,0.00042761837553199726,42
18.11449279785156,1.1380819193943315,1.723473596572876,0.4534993276615702,0.09623946990045883,3,24758,206,161,"OrderedDict([('learning_rate', 0.09623946990045883), ('max_depth', 3), ('min_data_in_leaf', 24758), ('n_estimators', 206), ('num_leaves', 161)])",0.8079857216986659,0.8085569374466447,0.8079815369679115,0.8084251184278803,0.8092177257196183,0.8084334080521443,0.00045499296270257796,36,0.894986946103844,0.8955504356448156,0.8950429538545219,0.8951258082944966,0.8955256620576406,0.8952463611910637,0.0002423526275500578,25,0.7468903750718835,0.7474972724127837,0.74560604294901,0.7473401848964016,0.7471202885272294,0.7468908327714617,0.0006742434889524929,40,0.7602532208148377,0.761239654639762,0.7628981642574918,0.7610512509213893,0.7646054535698606,0.7620095488406683,0.0015571845644663553,4,0.753512558184509,0.7543058770455265,0.7541529930214179,0.7541334020779124,0.7557617511866368,0.7543733163032005,0.0007455608897873792,27
42.97097301483154,3.0747547056659092,4.526618146896363,1.3327690908749055,0.05775081989117765,3,25148,540,250,"OrderedDict([('learning_rate', 0.05775081989117765), ('max_depth', 3), ('min_data_in_leaf', 25148), ('n_estimators', 540), ('num_leaves', 250)])",0.8095445339046886,0.8097809711923135,0.808964948695201,0.8092997271555548,0.8101007057563184,0.8095381773408151,0.00039009666737404946,23,0.8963901875753929,0.8967161835219464,0.8962954920357851,0.8962822074813648,0.8965548031534214,0.8964477747535821,0.0001657812873444507,16,0.7491989187402364,0.7491746714659965,0.7477248080971316,0.7488764134798395,0.7491985347673757,0.7488346693101159,0.0005681921632909651,30,0.7616082123325908,0.762578386259302,0.7623670075825325,0.7613168278194511,0.7637761987609958,0.7623293265509744,0.0008604707069825171,2,0.7553526025232353,0.7558171079243743,0.7549749207635682,0.7550453808795586,0.756417138133528,0.7555214300448528,0.0005373111431785867,17
54.336655616760254,0.18258681790381975,7.694517040252686,0.2028182198107909,0.068669489549403,4,119247,548,135,"OrderedDict([('learning_rate', 0.068669489549403), ('max_depth', 4), ('min_data_in_leaf', 119247), ('n_estimators', 548), ('num_leaves', 135)])",0.8085381061582497,0.8090235349257628,0.8083581627358096,0.8084920741199512,0.8088222678358828,0.8086468291551313,0.00024157155500574164,31,0.8945451704278499,0.8952187567089079,0.8946057472787318,0.8947750022989736,0.8949433669211133,0.8948176087271152,0.0002439909976170251,31,0.7478756863372248,0.7490649711476811,0.7476570246612149,0.7479320551451961,0.7481059193350738,0.7481271313252781,0.000490361714382866,34,0.7603887199666131,0.7598521433255828,0.7601339815612754,0.7600973420630447,0.7610282759629925,0.7603000925759017,0.00040186192407953375,12,0.7540802971300186,0.7544199987623196,0.7538438797586573,0.7539656298637936,0.754511772118229,0.7541643155266036,0.00025896492621218766,30
27.48077507019043,0.30031796830318597,2.794958162307739,0.2510106953353311,0.05039506199783911,5,34637,201,215,"OrderedDict([('learning_rate', 0.05039506199783911), ('max_depth', 5), ('min_data_in_leaf', 34637), ('n_estimators', 201), ('num_leaves', 215)])",0.8089126395607706,0.80980607957684,0.8093959759629066,0.808954486868315,0.8094876414180409,0.8093113646773746,0.0003374370696596461,26,0.8946991904492176,0.8956016496463085,0.8949783616755513,0.8949926893930573,0.8952862165517573,0.8951116215431785,0.00030744541460104484,27,0.7525655829687576,0.7539143455474658,0.7526589126318637,0.753249929349362,0.7528873734913677,0.7530552287977634,0.0004900989368512135,15,0.7523942700118698,0.7531747451260955,0.7540744594938835,0.7512086458830161,0.7539769001046054,0.752965804123894,0.0010685826574215857,50,0.7524799167398445,0.7535443638581983,0.7533660211234239,0.752227902786371,0.7534317429110712,0.7530099894837818,0.0005445782166083837,41
65.68912434577942,0.5044612401663959,9.683656930923462,0.3851651955286362,0.051060167202388984,5,25112,546,309,"OrderedDict([('learning_rate', 0.051060167202388984), ('max_depth', 5), ('min_data_in_leaf', 25112), ('n_estimators', 546), ('num_leaves', 309)])",0.8121934684722385,0.8129634589310524,0.8123127332987395,0.8120804807418691,0.8126847824040073,0.8124469847695813,0.00032860689194741285,6,0.8991783967960264,0.8999193114407498,0.8993432128984686,0.8993128630269254,0.8994154816899,0.8994338531704139,0.000254605371690645,6,0.7562961560310547,0.7578608338258498,0.7558730809923779,0.7564733158544777,0.7568026475168714,0.7566612068441263,0.0006706441437148368,8,0.7576570570668227,0.7575486577454025,0.7589415890256527,0.7568833196028271,0.7585459315024687,0.7579153109886347,0.0007371654835949532,38,0.7569759948881513,0.7577047136313122,0.7574042271233655,0.7566782621888445,0.7576732867572022,0.7572872969177752,0.00040118070655305316,6
26.280490159988403,2.120081109139499,1.9544855594635009,0.33064901208676417,0.09933509396909294,5,116737,207,127,"OrderedDict([('learning_rate', 0.09933509396909294), ('max_depth', 5), ('min_data_in_leaf', 116737), ('n_estimators', 207), ('num_leaves', 127)])",0.80771999129576,0.8082514521015718,0.8076446661421804,0.8076760516228386,0.8081987416488292,0.8078981805622361,0.0002685144274931735,42,0.8939777514322572,0.8945146558387742,0.894081200145493,0.8941319158861402,0.8942386217685697,0.8941888290142469,0.000183313535301329,38,0.7469217109367917,0.7477945296864577,0.7463003464184799,0.7465659669885435,0.7470382867300344,0.7469241681520613,0.0005075470258284067,39,0.7591475477363512,0.7594348059381149,0.7601339815612754,0.7597125265576898,0.7607843774897969,0.7598426478566457,0.0005723916123764705,18,0.7529850064242821,0.7535697191014258,0.7531536466304716,0.7530818762306686,0.7538486738757415,0.7533277844525179,0.00032807004643817776,40
18.311793565750122,0.12807142661545615,1.9702464580535888,0.14183431974441876,0.05173938911138129,3,116326,206,353,"OrderedDict([('learning_rate', 0.05173938911138129), ('max_depth', 3), ('min_data_in_leaf', 116326), ('n_estimators', 206), ('num_leaves', 353)])",0.8033908873303092,0.8036231398871797,0.8030519241392009,0.80289499673591,0.8037147932634063,0.8033351482712012,0.00031752972039073403,50,0.8899188182132163,0.8904340592873385,0.889898242799205,0.8899819820881594,0.8903966791774787,0.8901259563130797,0.00023820433510459376,50,0.7371669268732253,0.7382177489291252,0.7361042896703067,0.7364372342431034,0.7374149873560871,0.7370682374143696,0.0007454813356963324,50,0.7626217459878701,0.761272174436188,0.7635810799824393,0.7622219572475394,0.7633859612038829,0.7626165837715838,0.0008349117051690585,1,0.7496783233922164,0.7495677325705503,0.7495909740271832,0.7491077801570307,0.7501757637734884,0.7496241147840939,0.0003400393775937393,50
42.61425228118897,0.4817141802728095,5.2801776885986325,0.4542613678164418,0.09558610772304041,3,26597,541,266,"OrderedDict([('learning_rate', 0.09558610772304041), ('max_depth', 3), ('min_data_in_leaf', 26597), ('n_estimators', 541), ('num_leaves', 266)])",0.8103228938250113,0.8108920172076128,0.8100990107296496,0.8102936007097303,0.8110631958437167,0.8105341436631441,0.00037411168384824636,15,0.8974189183777634,0.8980755506336765,0.8973630255837485,0.8975334350479663,0.897772110310193,0.8976326079906695,0.0002622335903335574,11,0.750588750460587,0.7514976619906479,0.7500320061451798,0.7506651422709933,0.7510245628620611,0.7507616247458938,0.0004862972275450274,24,0.7618087510772182,0.7621773087700471,0.7620689094486268,0.7615444651606469,0.7637978786252798,0.7622794626163638,0.0007902083059407729,3,0.7561571319439214,0.7567998105632514,0.7560025486131834,0.756065669039663,0.7573573670407154,0.7564765054401469,0.0005245692354419881,10
57.32775011062622,0.739235000669449,7.514155721664428,0.41586897783980387,0.1,5,23896,486,512,"OrderedDict([('learning_rate', 0.1), ('max_depth', 5), ('min_data_in_leaf', 23896), ('n_estimators', 486), ('num_leaves', 512)])",0.8138004050819371,0.8144218375989689,0.8137083410053397,0.8133819320064947,0.8140636540726931,0.8138752339530868,0.00034959322466000527,5,0.9005213268412567,0.9012461529283321,0.9006952802205372,0.9008421005464157,0.9007772488948641,0.9008164218862811,0.00024025780908108947,5,0.7586507579737539,0.7594957964985266,0.758372079176838,0.7588366282859005,0.7595232797312479,0.7589757083332532,0.0004603542743896635,5,0.7592017473970613,0.7599280228505769,0.7593914462095467,0.7572572952347917,0.7585188316721138,0.7588594686728181,0.0009192340449771653,33,0.7589261526792003,0.7597118481974257,0.7588814203773012,0.7580461391553452,0.7590207233934082,0.7589172567605361,0.0005295828852033996,5
64.88751072883606,1.1852318712210408,8.580848741531373,0.7055392725239018,0.1,5,23896,550,74,"OrderedDict([('learning_rate', 0.1), ('max_depth', 5), ('min_data_in_leaf', 23896), ('n_estimators', 550), ('num_leaves', 74)])",0.8139698866774912,0.8146875680018748,0.8139133928123065,0.8136351082171374,0.8143482163594021,0.8141108344136423,0.0003671884214605684,1,0.9007427351936403,0.9015384565149553,0.9009889358294032,0.9011250800214243,0.9010938100350219,0.901097803518889,0.00025801577775595995,1,0.7587257767673488,0.7599538278951048,0.7587325308772329,0.7591272190152433,0.7599431124235302,0.759296493395692,0.0005518387118082901,1,0.7597003842755944,0.7600526820702103,0.759472745700612,0.757658370550232,0.7587898299756644,0.7591348025144626,0.0008456297773820391,28,0.7592127677437351,0.760003251768149,0.7591024578396798,0.7583920835695549,0.7593660333147106,0.759215318847166,0.0005165294911501151,1
63.57303872108459,1.0677766791251384,8.155109357833862,0.32846770327437697,0.1,5,23896,550,512,"OrderedDict([('learning_rate', 0.1), ('max_depth', 5), ('min_data_in_leaf', 23896), ('n_estimators', 550), ('num_leaves', 512)])",0.8139698866774912,0.8146875680018748,0.8139133928123065,0.8136351082171374,0.8143482163594021,0.8141108344136423,0.0003671884214605684,1,0.9007427351936403,0.9015384565149553,0.9009889358294032,0.9011250800214243,0.9010938100350219,0.901097803518889,0.00025801577775595995,1,0.7587257767673488,0.7599538278951048,0.7587325308772329,0.7591272190152433,0.7599431124235302,0.759296493395692,0.0005518387118082901,1,0.7597003842755944,0.7600526820702103,0.759472745700612,0.757658370550232,0.7587898299756644,0.7591348025144626,0.0008456297773820391,28,0.7592127677437351,0.760003251768149,0.7591024578396798,0.7583920835695549,0.7593660333147106,0.759215318847166,0.0005165294911501151,1
44.421734952926634,2.840298976619947,3.885247898101807,1.0939609560562595,0.05024756248518313,3,85854,534,316,"OrderedDict([('learning_rate', 0.05024756248518313), ('max_depth', 3), ('min_data_in_leaf', 85854), ('n_estimators', 534), ('num_leaves', 316)])",0.8076070035653906,0.8082347131785541,0.8077032523727423,0.8077304531226461,0.8085628139862364,0.807967647245114,0.00036926338202878447,41,0.893771475854189,0.8944428936131484,0.8937909248923936,0.8938938940364506,0.8941363612850222,0.8940071099362408,0.0002536495842668872,41,0.7467487802927297,0.7474245759143888,0.7460658273056298,0.7468850466243342,0.7472696917170901,0.7468787843708344,0.0004750866086054405,41,0.759060828279215,0.7601285615952044,0.7608494170826491,0.7592680917486884,0.7617328715522241,0.7602079540515961,0.0009942223143894243,13,0.7528544703909174,0.7537230412047015,0.7533851050013148,0.7530256647324273,0.7544319697673233,0.7534840502193368,0.0005607042592440079,38
58.92939276695252,0.4896680118348937,8.904217290878297,0.3509709306225955,0.09745862554614597,5,117353,548,323,"OrderedDict([('learning_rate', 0.09745862554614597), ('max_depth', 5), ('min_data_in_leaf', 117353), ('n_estimators', 548), ('num_leaves', 323)])",0.8101785206139837,0.8106011784201804,0.8098960512880601,0.8098018948460856,0.8104647780937256,0.810188484652407,0.00031039408650015515,19,0.8959571193655854,0.8965547335892473,0.8959979650186247,0.8961694679068929,0.8962287932766769,0.8961816158314054,0.00021246949373025293,19,0.7512780665559188,0.751957020610376,0.7505229985607508,0.750504472003811,0.7517652167852413,0.7512055549032196,0.0006067257145506312,21,0.7598575632916538,0.7601285615952044,0.7602857406112637,0.7599618436456662,0.7599876424773581,0.7600442703242293,0.00014850811713604503,15,0.7555434598087375,0.7560207109762245,0.7553728265025336,0.7552035504520201,0.7558540687394886,0.7555989232958009,0.00030117094438672645,16
17.328711700439452,0.11347884343972539,2.2976231575012207,0.054673159149487414,0.09897775145005466,3,68052,213,344,"OrderedDict([('learning_rate', 0.09897775145005466), ('max_depth', 3), ('min_data_in_leaf', 68052), ('n_estimators', 213), ('num_leaves', 344)])",0.807858087410656,0.8085171825044777,0.807749284411041,0.8076467585075576,0.8086946332808148,0.8080931892229094,0.00042763279176539733,39,0.8934698528074596,0.8942969027148336,0.8933751472655971,0.8935438703763832,0.8939115484998166,0.893719464332818,0.00034118171291679057,42,0.7472348054359483,0.7481506388702085,0.746759024910084,0.747245057662826,0.7471493895152768,0.7473077832788687,0.0004573598469420164,38,0.759044568381002,0.7597437440041626,0.7595974049202452,0.7582003642197459,0.7624970867682368,0.7598166336586785,0.0014454490448474807,19,0.7530933905496314,0.7539026259529668,0.7531235054194498,0.7526828494026305,0.7547452225882252,0.7535095187825809,0.0007330823185991436,37
61.16354222297669,0.30592888974365995,8.47566351890564,0.2504618111197643,0.051401028990568594,5,118152,537,231,"OrderedDict([('learning_rate', 0.051401028990568594), ('max_depth', 5), ('min_data_in_leaf', 118152), ('n_estimators', 537), ('num_leaves', 231)])",0.808391640581845,0.8089586715990693,0.8081175407174302,0.8084041947741082,0.8092993281400715,0.8086342751625049,0.0004304303712818971,34,0.8945244000945511,0.8950272859918973,0.894571273773176,0.8947052335347311,0.8949496038423734,0.8947555594473459,0.0002007072972388857,34,0.7479587589254266,0.748919645098741,0.7468780095881155,0.7480661331738905,0.74914338780782,0.7481931869187987,0.000803917130805985,33,0.7596461846148843,0.7598955030541509,0.7607952174219389,0.7594794692797988,0.7607681175915839,0.7601168983924713,0.0005587676406080432,14,0.7537571694779894,0.7543676522019854,0.7537723792033165,0.7537295971470296,0.7549110036061086,0.7541075603272859,0.00046714990834542246,31
17.782006359100343,0.20011453374714688,1.8734236717224122,0.10704222847165575,0.051296705338258024,3,49397,204,423,"OrderedDict([('learning_rate', 0.051296705338258024), ('max_depth', 3), ('min_data_in_leaf', 49397), ('n_estimators', 204), ('num_leaves', 423)])",0.8039014244823488,0.8042466647695887,0.8036628948293467,0.8039809343666828,0.8045266327284293,0.8040637102352793,0.0002971905435735097,49,0.8912222470820893,0.8917890269954767,0.8911293313989379,0.891382475386288,0.8917666246528565,0.8914579411031296,0.0002735450550255939,49,0.738985531663964,0.7396609061826385,0.7387482752446256,0.7389083256609233,0.7395317767971261,0.7391669631098555,0.0003611589715373137,49,0.7607301778290868,0.7606597182701637,0.7602857406112637,0.7612192689589385,0.7620580695164848,0.7609905950371875,0.0006108862161508417,7,0.7497002149905858,0.7500133602676329,0.7493622874848084,0.7498978853592967,0.7506259576217348,0.7499199411448118,0.00041639645609352864,49
17.669974756240844,0.3327842101656817,1.9137225151062012,0.18037511339065898,0.09951229024371094,3,118571,210,488,"OrderedDict([('learning_rate', 0.09951229024371094), ('max_depth', 3), ('min_data_in_leaf', 118571), ('n_estimators', 210), ('num_leaves', 488)])",0.8062616126278436,0.8068914146063842,0.8064310942233976,0.8061465325320969,0.8069872595605605,0.8065435827100564,0.00033694088694838625,46,0.8920843964810126,0.8927217922397095,0.8921334336575194,0.8922033914009049,0.8925962812988304,0.8923478590155953,0.00025992357334926207,46,0.7436199200568296,0.7445928095109258,0.7436912236085724,0.7440641938569454,0.7440596809608211,0.7440055655988189,0.0003460504380145942,46,0.7602694807130508,0.7607193378969448,0.7607897974558679,0.7588886961800286,0.7622152485325442,0.7605765121556872,0.001067177379719887,8,0.751852536735837,0.752569691315328,0.7521433470507545,0.751403333655322,0.7530280475920195,0.7521993912698521,0.0005623077754859775,46
61.285863924026486,0.574182289351959,9.319051218032836,0.3644795733137682,0.09253649221214788,5,23896,550,152,"OrderedDict([('learning_rate', 0.09253649221214788), ('max_depth', 5), ('min_data_in_leaf', 23896), ('n_estimators', 550), ('num_leaves', 152)])",0.8138778226008938,0.8143946368490651,0.8141770308498352,0.8134677189869604,0.8142477826111519,0.8140329983795812,0.0003290228913746227,4,0.9007448292391156,0.9012649023905464,0.901025975638328,0.9008852374048243,0.9008997553134461,0.9009641399972521,0.00017478551368027524,4,0.7589318620330826,0.7599802430538594,0.7591634663821167,0.758214500414313,0.7590254514755145,0.7590631046717774,0.0005639125577564621,4,0.7589524289577947,0.7588928093310136,0.7596407646488132,0.758785717382821,0.7601773412898435,0.7592898123220573,0.0005359898919676666,25,0.7589421453561005,0.7594361369195807,0.7594020405177692,0.7585000013544739,0.7596009596897797,0.7591762567675409,0.00040274510651739157,4
61.29741201400757,1.235621940882218,8.271750974655152,0.5838195116333805,0.1,5,23896,550,251,"OrderedDict([('learning_rate', 0.1), ('max_depth', 5), ('min_data_in_leaf', 23896), ('n_estimators', 550), ('num_leaves', 251)])",0.8139698866774912,0.8146875680018748,0.8139133928123065,0.8136351082171374,0.8143482163594021,0.8141108344136423,0.0003671884214605684,1,0.9007427351936403,0.9015384565149553,0.9009889358294032,0.9011250800214243,0.9010938100350219,0.901097803518889,0.00025801577775595995,1,0.7587257767673488,0.7599538278951048,0.7587325308772329,0.7591272190152433,0.7599431124235302,0.759296493395692,0.0005518387118082901,1,0.7597003842755944,0.7600526820702103,0.759472745700612,0.757658370550232,0.7587898299756644,0.7591348025144626,0.0008456297773820391,28,0.7592127677437351,0.760003251768149,0.7591024578396798,0.7583920835695549,0.7593660333147106,0.759215318847166,0.0005165294911501151,1
42.59395022392273,0.4917756412341991,5.202909708023071,0.3033621913526757,0.0986831529375765,3,117969,542,196,"OrderedDict([('learning_rate', 0.0986831529375765), ('max_depth', 3), ('min_data_in_leaf', 117969), ('n_estimators', 542), ('num_leaves', 196)])",0.8078225171992434,0.8085778611004169,0.8076739592574613,0.807927135468104,0.808627677448648,0.8081258300947747,0.0003979568613629458,38,0.8939866570871664,0.8947956753672804,0.8941280067729913,0.8944315001513574,0.8944821278620373,0.8943647934481666,0.0002838772319856705,36,0.7463023807245314,0.7475660454693047,0.745958036904996,0.7463659121228388,0.7471720568935928,0.7466728864230527,0.0005982343633820445,42,0.760827737218365,0.7611800350129808,0.7609578164040693,0.7611108702250358,0.7621881487021891,0.761252921512528,0.0004833238283836361,5,0.7534950630305666,0.7543116181391427,0.7533832730550876,0.7536662793537151,0.7546054078998911,0.7538923282956806,0.00048007115051344155,34
55.71886429786682,3.8489676784581763,5.6480550289154055,1.740586502451885,0.0504621105409181,4,46341,539,322,"OrderedDict([('learning_rate', 0.0504621105409181), ('max_depth', 4), ('min_data_in_leaf', 46341), ('n_estimators', 539), ('num_leaves', 322)])",0.8099002360188146,0.8109945431110962,0.8102956930751075,0.8101157496526673,0.8105714889512415,0.8103755421617853,0.0003798266113712484,17,0.895822936770994,0.8965771003396804,0.8959691252115329,0.896068354318658,0.8962597488462614,0.8961394530974254,0.00026086601380550373,20,0.7522178711668669,0.7537316649961741,0.7525459673599448,0.7531716327225003,0.7528712743399029,0.7529076821170777,0.0005208876934511171,16,0.756898261816881,0.7581069142507167,0.7577708763543141,0.7558372718206652,0.758188213741782,0.7573603075968718,0.0008882050510266112,41,0.7545508085823738,0.7559129586545502,0.7551493841263669,0.7545020978680467,0.755520389728578,0.7551271277919831,0.0005468979204455393,20
26.61708445549011,1.7876682604040273,2.5325891017913817,0.65322513181962,0.09995590195329508,4,24441,263,308,"OrderedDict([('learning_rate', 0.09995590195329508), ('max_depth', 4), ('min_data_in_leaf', 24441), ('n_estimators', 263), ('num_leaves', 308)])",0.8111682094374048,0.8116933931470849,0.8110154667648684,0.81089410957299,0.811575826433744,0.8112694010712185,0.00031280405065612553,12,0.8980736749014977,0.8986872909134777,0.8981246534759563,0.8978938177722462,0.8981141708313553,0.8981787215789065,0.00026755855819478845,8,0.7533750181452589,0.7546864725602854,0.7523849847789735,0.7531916267208961,0.7532253048355443,0.7533726814081917,0.0007424416390512876,14,0.759483585632754,0.7589036492631556,0.7608710969469331,0.7587965572562112,0.7613534739272532,0.7598816726052614,0.0010428459018893956,17,0.756416969409072,0.7567891859462702,0.7566042464435564,0.7559837032677162,0.7572675789831185,0.7566123368099467,0.00042285504095169855,7
45.878350830078126,0.3653504115876451,6.169485187530517,0.26305277853946046,0.06434010168913878,5,110297,399,442,"OrderedDict([('learning_rate', 0.06434010168913878), ('max_depth', 5), ('min_data_in_leaf', 110297), ('n_estimators', 399), ('num_leaves', 442)])",0.8080233842754557,0.8092704340402739,0.808460688639293,0.8084523191777842,0.8090043040045864,0.8086422260274786,0.000442206132423233,32,0.8944778706486525,0.8951405896137405,0.8946671263787962,0.8947881679366815,0.8948646945039906,0.8947876898163722,0.0002195411927924007,33,0.7477694551593704,0.7495455420346885,0.7479766750782921,0.7481103068349241,0.7484449040291244,0.74836937662728,0.0006277430820903276,32,0.7585947111971079,0.7598358834273697,0.7598792431559378,0.7595770281403114,0.7610445358612055,0.7597862803563864,0.0007820400262691111,20,0.7531431861535688,0.754655635074649,0.7538809814433434,0.753800062393098,0.7546921357010793,0.7540344001531476,0.000581594834580584,32
25.4018826007843,0.40167006883645884,3.071640205383301,0.30397359867702256,0.0999925563214822,5,81074,207,427,"OrderedDict([('learning_rate', 0.0999925563214822), ('max_depth', 5), ('min_data_in_leaf', 81074), ('n_estimators', 207), ('num_leaves', 427)])",0.8093060042516864,0.8097621399039185,0.8090611975025527,0.8092097554443347,0.8099960872685578,0.8094670368742101,0.0003532169172521023,24,0.895151359788698,0.8958768639326005,0.8954184540634885,0.8955462422564151,0.8956633902328962,0.8955312620548197,0.00024255898025834577,23,0.7504573767765265,0.7516280820628647,0.7500885050689267,0.7503648695054945,0.7511620550816789,0.7507401776990982,0.0005677789189529447,25,0.7581285941150009,0.7575432377793315,0.7579226354043024,0.7579456271950744,0.7593860262434757,0.7581852241474369,0.0006298632675208873,37,0.754273481229037,0.7545740677755643,0.7539852210507019,0.7541361979335188,0.7552516535229337,0.7544441243023512,0.0004479996986141711,26
27.075094842910765,0.3665592397964534,3.2745659351348877,0.36367133467787677,0.09977442279074307,5,24987,207,410,"OrderedDict([('learning_rate', 0.09977442279074307), ('max_depth', 5), ('min_data_in_leaf', 24987), ('n_estimators', 207), ('num_leaves', 410)])",0.8113104902830552,0.8124822148942937,0.8118021961466999,0.8118754289349023,0.8118938666365365,0.8118728393790976,0.0003722940617249945,8,0.8983944955539426,0.899228790797336,0.8987323889748292,0.8987709390590416,0.8987252944579066,0.898770381768611,0.0002664229391523399,7,0.7550469680336158,0.7572344913218637,0.7553137487849659,0.7560969006519244,0.7552616241419505,0.7557907465868641,0.0008048395085221814,9,0.7567248229026087,0.7569307816133071,0.7580852343864327,0.7568345401725708,0.7585405115363978,0.7574231781222633,0.000743424700415145,40,0.7558849643762046,0.7570826060086954,0.7566969538766998,0.7564655405917852,0.756897516812824,0.7566055163332417,0.0004147355769260214,8
18.66582636833191,0.2300862867093373,2.2254570960998534,0.2054879612938596,0.08332021411654032,3,67120,203,157,"OrderedDict([('learning_rate', 0.08332021411654032), ('max_depth', 3), ('min_data_in_leaf', 67120), ('n_estimators', 203), ('num_leaves', 157)])",0.8068411978373311,0.8078957499874458,0.8069897557791131,0.807353827354748,0.8077049423865988,0.8073570946690476,0.000403049789237126,44,0.8929061151773194,0.8935806254524568,0.8927983368915615,0.8931425297754488,0.8933965877656828,0.893164839012494,0.0002926928006816796,44,0.7458805204226967,0.7471588636521201,0.7457330066055828,0.7465655859710523,0.7455946786051495,0.7461865310513203,0.0005896998498391603,43,0.7578467558793082,0.7593480864809786,0.7587356303149543,0.7584496813077223,0.7618358509075733,0.7592432009781074,0.0013834879822256833,26,0.7518160261959427,0.7532041632617952,0.7521781297770422,0.7524607132775007,0.7536277729374706,0.7526573610899503,0.0006658632271314725,45
26.849254751205443,0.25233551359172607,2.9544551849365233,0.30758353529619226,0.07418734355865096,3,61758,304,422,"OrderedDict([('learning_rate', 0.07418734355865096), ('max_depth', 3), ('min_data_in_leaf', 61758), ('n_estimators', 304), ('num_leaves', 422)])",0.8079752598717799,0.8085862305619257,0.8077430073149093,0.8081677574864833,0.8086004766418302,0.8082145463753857,0.0003373092413704033,37,0.8939152449312244,0.8944419401017962,0.8937842021857346,0.8941566840791806,0.8942245510786312,0.8941045244753134,0.00023212472069381477,40,0.747820555992068,0.7483089440443331,0.7467707556218693,0.7483810889785608,0.7484297555973338,0.747942220046833,0.0006248062713766284,37,0.7583020330292732,0.7596895443434524,0.7595486252256061,0.7579131075749035,0.7594998455309669,0.7589906311408404,0.000734079117389128,32,0.7530248229240672,0.7539563004959495,0.7531054940980162,0.7531169383721369,0.7539241664088665,0.7534255444598073,0.00042156221809377736,39
38.833492040634155,0.43182758431209795,4.359540939331055,0.3251120338659684,0.0544837334741553,5,72544,294,403,"OrderedDict([('learning_rate', 0.0544837334741553), ('max_depth', 5), ('min_data_in_leaf', 72544), ('n_estimators', 294), ('num_leaves', 403)])",0.808906362464639,0.8095068713278988,0.808649001523242,0.8091072295408513,0.8095838904267807,0.8091506710566823,0.0003543455460618043,27,0.8948484594734201,0.8956148927702566,0.8950004599167001,0.8951895739538933,0.8952736804235155,0.8951854133075571,0.0002607706451069175,26,0.7508021447952108,0.7521516023029564,0.7496820311367991,0.7510889287310278,0.7510633498743314,0.750957611368065,0.0007880753791100497,23,0.7558847281616017,0.7555107505027019,0.7571421602900766,0.7560920088453367,0.7579876749971545,0.7565234645593744,0.0009106508214338632,46,0.7533348638100769,0.7538274342265365,0.7533936285534001,0.753582164937594,0.7545096262007461,0.7537295435456707,0.0004262494490293506,35
52.657431840896606,0.3384189495912136,6.685061693191528,0.17291160312008158,0.050964602129113815,4,65776,502,303,"OrderedDict([('learning_rate', 0.050964602129113815), ('max_depth', 4), ('min_data_in_leaf', 65776), ('n_estimators', 502), ('num_leaves', 303)])",0.8094482850973368,0.8100404244990878,0.8096826300195845,0.8095298873470481,0.8098726374530002,0.8097147728832116,0.0002178080634422669,22,0.8952520295098049,0.8959047805121751,0.8952586749598973,0.8954828425236497,0.8955643616616105,0.8954925378334275,0.0002398886345182475,24,0.7507608736493486,0.7517947725904909,0.7504994189066877,0.751581247880455,0.7513610153657829,0.751199465678553,0.0004916654800603506,22,0.7580689744882197,0.7582857731310602,0.759505265497038,0.7567424012487534,0.7585079917399717,0.7582220812210086,0.000888285749342794,36,0.7543972254734332,0.7550263222512743,0.7549754862345779,0.754152994396057,0.754917588419494,0.7546939233549672,0.00035225743825362564,24
42.97732739448547,2.8441167815023443,4.192027997970581,1.2360156841580612,0.060838950097159075,4,48952,407,81,"OrderedDict([('learning_rate', 0.060838950097159075), ('max_depth', 4), ('min_data_in_leaf', 48952), ('n_estimators', 407), ('num_leaves', 81)])",0.8095340720778025,0.8108480775346915,0.8100048542876751,0.8096491521735492,0.8104919789005434,0.8101056269948523,0.0004991392638007868,20,0.8956460629641914,0.8964044869577711,0.8957801905417634,0.8958642491972211,0.8959599905078718,0.8959309960337638,0.0002582319211050379,21,0.7512471777228255,0.7534310768302668,0.751994190893688,0.7523718038661212,0.7528915117706606,0.7523871522167124,0.0007481113791963369,17,0.7574239985257692,0.7581394340471429,0.7577491964900299,0.7556258942895547,0.7578413359132372,0.7573559718531467,0.000894629856368905,43,0.7543229435149775,0.7557779224603481,0.7548607249107765,0.753995338096191,0.7553583149433173,0.7548630487851221,0.0006522152025198731,21
44.54397521018982,0.27307635265005503,6.079862785339356,0.2149611578297202,0.07668427791758926,3,71923,526,196,"OrderedDict([('learning_rate', 0.07668427791758926), ('max_depth', 3), ('min_data_in_leaf', 71923), ('n_estimators', 526), ('num_leaves', 196)])",0.8093080966170637,0.8096407827120403,0.8089691334259553,0.8091323379253779,0.8097094326120935,0.8093519566585062,0.00028562887289283815,25,0.8947905153951855,0.8955029649987425,0.8949280800633824,0.8949377177852416,0.8951716326109812,0.8950661821707065,0.00025038629983592335,28,0.7496951219512196,0.7504485445732801,0.7489476270860489,0.7495385504330938,0.750211277399202,0.7497682242885688,0.0005273718894726282,26,0.7596787044113104,0.7594456458702569,0.7598792431559378,0.7593168711789446,0.7601936011880566,0.7597028131609012,0.0003123036635610951,22,0.7546538955427593,0.7549202894256205,0.7543738347426278,0.7543960260086426,0.7551694525131845,0.754702699646567,0.00030652446435264165,23
39.36747260093689,0.34542985699436324,5.193057346343994,0.1867322609353491,0.09201834660959547,4,73809,405,107,"OrderedDict([('learning_rate', 0.09201834660959547), ('max_depth', 4), ('min_data_in_leaf', 73809), ('n_estimators', 405), ('num_leaves', 107)])",0.8100174084799384,0.8106597646507424,0.810379387690196,0.8100676252489915,0.8105212720771163,0.8103290916293968,0.0002507264321933377,18,0.8959456824013454,0.8966188480889725,0.8961619587565463,0.8962626033968555,0.8962004933840717,0.8962379172055582,0.00021830673611403502,18,0.7513478715699686,0.753278732690339,0.7517565407678363,0.7515728334621661,0.7518848599894898,0.75196816769596,0.0006797592478937314,20,0.759093348075641,0.7577166766936039,0.7596732844452394,0.7588399167497724,0.759965962613074,0.759057837715466,0.000781143895370788,31,0.7552007505904429,0.7554911873502066,0.755694178984173,0.7551888929642495,0.7559038138597102,0.7554957647497564,0.0002782433769474037,19
24.79625563621521,0.19514366808701153,2.888119697570801,0.13734408240472742,0.07145506222709819,4,79720,231,486,"OrderedDict([('learning_rate', 0.07145506222709819), ('max_depth', 4), ('min_data_in_leaf', 79720), ('n_estimators', 231), ('num_leaves', 486)])",0.8083811787549589,0.8090214425603857,0.8082368055439313,0.8083497932743007,0.8090252277021386,0.8086028895671429,0.0003466372854049869,35,0.8940072947959228,0.8946834354478354,0.8940652624621156,0.8942247373354868,0.8944136373963825,0.8942788734875485,0.0002466361975570626,37,0.7486526841955976,0.7497441722162991,0.7479730379327657,0.7486391736023764,0.7493967781802229,0.7488811692254523,0.0006238744251309392,29,0.758188213741782,0.7584646320114036,0.7590120485845758,0.7580973854225382,0.7591854874988483,0.7585895534518297,0.000436474013839553,34,0.7533902777927379,0.7540791912747338,0.7534521116189482,0.7533385935762201,0.75425937493269,0.753703909839066,0.0003859018015582986,36
55.164683198928834,0.41450337467103093,7.275982284545899,0.27159912096412747,0.07961449257371644,5,60104,473,87,"OrderedDict([('learning_rate', 0.07961449257371644), ('max_depth', 5), ('min_data_in_leaf', 60104), ('n_estimators', 473), ('num_leaves', 87)])",0.8114925260708726,0.8120679265496058,0.8115824977820927,0.8110594064377898,0.8117578626024476,0.8115920438885617,0.0003309555048970354,11,0.8972085403882629,0.8978741155373968,0.8973794091663538,0.8975005837562782,0.8974606245143064,0.8974846546725196,0.00021900989202440973,12,0.7553968511605259,0.7563835260350383,0.7554012470864362,0.7546246742996767,0.7549142798591375,0.7553441156881628,0.0005981260146970013,12,0.7567356628347507,0.7570066611383013,0.7570717007311534,0.7565960629579846,0.7587031105185281,0.7572226396361437,0.0007603904308795392,44,0.7560656643191916,0.756694965299411,0.7562355514409308,0.7556090827897913,0.756803953158959,0.7562818434016567,0.0004346841343493353,12
43.218191385269165,0.3854465856335496,5.842192459106445,0.2584300298712796,0.05437947306324257,3,115807,544,177,"OrderedDict([('learning_rate', 0.05437947306324257), ('max_depth', 3), ('min_data_in_leaf', 115807), ('n_estimators', 544), ('num_leaves', 177)])",0.8068955993371386,0.8075086623926616,0.8068202741835591,0.8068976917025159,0.8074454885369523,0.8071135432305656,0.0002987992622023167,45,0.8928575887530724,0.8935539289540235,0.8928367473234136,0.8930550539248591,0.8932166257427754,0.8931039889396288,0.000264446151425758,45,0.7444373167641274,0.7459481016696798,0.7439900473808201,0.7447722289761054,0.7449357969233377,0.7448166983428142,0.0006516928233015186,45,0.7610607957594185,0.7603291003398319,0.761700351755798,0.7603737588344968,0.7621881487021891,0.7611304310783469,0.0007298094361019314,6,0.7526572793104742,0.7530699505855386,0.7527410430693255,0.7524921353919432,0.7534632272375354,0.7528847271189634,0.00034510172285562985,44
41.95128417015076,0.4079600453504539,5.42885570526123,0.18265767813058928,0.05953893288534636,3,61717,543,169,"OrderedDict([('learning_rate', 0.05953893288534636), ('max_depth', 3), ('min_data_in_leaf', 61717), ('n_estimators', 543), ('num_leaves', 169)])",0.8085862305619257,0.8091867394251854,0.8086971259269179,0.809084213521702,0.8093160670981133,0.8089740753067689,0.00028335114049526217,29,0.8946685286801481,0.8952792636825413,0.894632499588454,0.8948995307954389,0.8950470441739355,0.8949053733841037,0.0002410204248372732,30,0.7486780266372954,0.7493426256493576,0.7483350765224445,0.7495184075342466,0.7493324076052126,0.7490413087897113,0.00045472882466878405,27,0.7589361690595817,0.759922602884506,0.7600689419684232,0.7591705328881758,0.7604483395933942,0.7597093172788162,0.0005672779630686869,21,0.7537721985067316,0.7545955313486414,0.7541563704123969,0.7543135945544235,0.7548494524442962,0.754337429453298,0.0003692209726825879,28
36.571162939071655,2.588571159964525,3.7405864715576174,1.077251583192626,0.06320003555142316,4,50516,377,192,"OrderedDict([('learning_rate', 0.06320003555142316), ('max_depth', 4), ('min_data_in_leaf', 50516), ('n_estimators', 377), ('num_leaves', 192)])",0.809469208751109,0.8105844394971627,0.8098207261344805,0.8096930918464706,0.8104501315054391,0.8100035195469324,0.00043639364006366476,21,0.8956173181831387,0.8962570718140993,0.8956478633977704,0.8958299351595173,0.8959210530840128,0.8958546483277077,0.0002306731885208368,22,0.7512516469038208,0.7531790163369111,0.7516735940465756,0.752146796112318,0.7526852788600211,0.7521872664519293,0.0006888345694268758,19,0.7571638401543607,0.7576245372703967,0.7576787369311068,0.7562437670728006,0.7580906543525038,0.7573603071562337,0.0006308538884073893,42,0.7541961571892091,0.7553952363582324,0.7546642193910602,0.7541897176585688,0.7553782967129405,0.7547647254620022,0.000536287049139819,22
30.65416979789734,0.3049803087504768,3.807167625427246,0.19648411909523317,0.07030409962976851,3,60702,389,438,"OrderedDict([('learning_rate', 0.07030409962976851), ('max_depth', 3), ('min_data_in_leaf', 60702), ('n_estimators', 389), ('num_leaves', 438)])",0.8082116971594048,0.808866607522472,0.8086259855040927,0.8086448167924876,0.8090691674669981,0.8086836548890911,0.0002862411109921264,30,0.8943152730056974,0.8949833804708526,0.894448245382867,0.8945373655307027,0.8946299122443804,0.8945828353269001,0.00022557668302898925,35,0.7480867483272409,0.7488420051608905,0.748459147377079,0.7485947251431991,0.7489853896103896,0.7485936031237598,0.00031310752614838107,31,0.7586814306542441,0.7596949643095234,0.759537785293464,0.7593385509257252,0.7601936011880566,0.7594892664742027,0.0004931666965598594,23,0.7533468417922657,0.7542294446835988,0.7539577712199754,0.7539283638633575,0.7545478754165916,0.7540020593951579,0.0003965657019110862,33
21.883860731124877,0.21294467661428768,2.525471496582031,0.13049259366053687,0.060810417659593344,3,94341,258,323,"OrderedDict([('learning_rate', 0.060810417659593344), ('max_depth', 3), ('min_data_in_leaf', 94341), ('n_estimators', 258), ('num_leaves', 323)])",0.8061758256473779,0.8061758256473779,0.8059519425520162,0.8059184647059808,0.8065687856095177,0.8061581688324541,0.00023204181124279898,47,0.891645213254633,0.8922421502619156,0.8918593096631837,0.8920187197718467,0.892210220948787,0.8919951227800732,0.0002230374388766153,47,0.7435719323177101,0.7435047895716156,0.7427643205604411,0.7433671980689143,0.7432088980476077,0.7432834277132578,0.00028784730632056834,48,0.7600310022059262,0.7601719213237725,0.760843997116578,0.759446949659628,0.7623507476843195,0.7605689235980448,0.0009956262615449323,9,0.7517113833123376,0.7517459841025669,0.751695462078678,0.7513210491180942,0.7526581370833534,0.751826403139006,0.00044362289928719366,47
20.06375870704651,0.37016560460823156,2.115642213821411,0.2331456247182237,0.07171305872195519,3,104511,235,471,"OrderedDict([('learning_rate', 0.07171305872195519), ('max_depth', 3), ('min_data_in_leaf', 104511), ('n_estimators', 235), ('num_leaves', 471)])",0.8058975410522087,0.806464572069433,0.8055857786110042,0.8057092281682596,0.8064369663149393,0.806018817243169,0.0003665028725956373,48,0.8916579899853518,0.8924344170124878,0.8915767792492904,0.8917441657896206,0.8922097721295508,0.8919246248332602,0.00033640844383613257,48,0.7435667328667467,0.7443031252489313,0.7426261384648805,0.7434351376190653,0.7438632580135512,0.743558878442635,0.0005535210170121331,47,0.7589415890256527,0.7596407646488132,0.7596841243773814,0.758476780991198,0.7604537595594651,0.7594394037205021,0.0006787951356297647,24,0.7511754970884151,0.7518937361859187,0.7510582889477125,0.7508806382984432,0.7520670238340914,0.7514150368709162,0.00047422995618291714,48
